,title,author,description,url,date,rating,,"0 = neg, 1 = positive"
0,Do AI Systems Deserve Rights?,Eric Schwitzgebel,"""Once an entity is capable of conscious suffering, it deserves at least some moral consideration,"" writes Eric Schwitzgebel.",https://time.com/6958856/does-ai-deserve-rights-essay/,2024-03-21T11:00:00Z,0,,
1,Can AI Help You Do Your Taxes?,Andrew R. Chow,Current AI tax tools are prone to costly mistakes. But experts argue AI could reshape the tax industry in the coming years.,https://time.com/6960420/ai-tools-tax-help/,2024-03-26T16:58:30Z,0.5,,
2,Fox News AI Newsletter: IRS AI snooping on taxpayers,Fox News Staff,Stay up to date on the latest AI technology advancements and learn about the challenges and opportunities AI presents now and for the future.,https://www.foxnews.com/tech/fox-news-ai-newsletter-irs-ai-snooping-taxpayers,2024-03-23T12:30:10Z,0,,
3,AI worm exposes security flaws in AI tools like ChatGPT,"Kurt Knutsson, CyberGuy Report","Kurt ""CyberGuy"" Knutsson addresses an artificial intelligence malware worm and potential security issues with artificial intelligence.",https://www.foxnews.com/tech/ai-worm-exposes-security-flaws-ai-tools-like-chatgpt,2024-03-30T14:00:23Z,0,,
4,Fox News AI Newsletter: Taco Bell's 'AI-first' mentality,Fox News Staff,Stay up to date on the latest AI technology advancements and learn about the challenges and opportunities AI presents now and for the future.,https://www.foxnews.com/tech/fox-news-ai-newsletter-taco-bells-ai-first-mentality,2024-04-03T15:35:44Z,0.5,,
5,The Next Tech Backlash Will Be About Hygiene,Jonnie Penn,"What does ""healthy"" AI mean to you?",https://time.com/6957890/next-tech-backlash-hygiene/,2024-03-18T14:53:25Z,0,,
6,Nobody Knows How to Safety-Test AI,Will Henshall,Governments and companies are relying on safety-testing to reduce dangers from powerful AI systems. But the tests are far from ready.,https://time.com/6958868/artificial-intelligence-safety-evaluations-risks/,2024-03-21T17:58:32Z,0,,
7,"AI use for hiring, firing employees a growing concern, NYU professor says",ABC NEWS,"Author and journalist Hilke Schellmann about the use of AI by companies and her book “The Algorithm: How AI Decides Who Gets Hired, Monitored, Promoted & Fired.""",https://abcnews.go.com/Technology/dangers-ai-hiring-firing-employees-focus-book/story?id=108890705,2024-04-08T20:21:12Z,0.5,,
8,Fox News AI Newsletter: Inside Google's bungled Gemini rollout,Fox News Staff,Stay up to date on the latest AI technology advancements and learn about the challenges and opportunities AI presents now and for the future.,https://www.foxnews.com/tech/fox-news-ai-newsletter-inside-googles-bungled-gemini-rollout,2024-03-20T15:48:53Z,0,,
9,Fox News AI Newsletter: How to chat with Marilyn Monroe,Fox News Staff,Stay up to date on the latest AI technology advancements and learn about the challenges and opportunities AI presents now and for the future.,https://www.foxnews.com/tech/fox-news-ai-newsletter-chat-marilyn-monroe,2024-03-16T12:40:43Z,0.5,,
10,Fox News AI Newsletter: Dennis Quaid on what AI can't replace,Fox News Staff,Stay up to date on the latest AI technology advancements and learn about the challenges and opportunities AI presents now and for the future.,https://www.foxnews.com/tech/fox-news-ai-newsletter-dennis-quaid-ai-cant-replace,2024-04-13T12:21:38Z,1,,
11,"U.S., U.K. Announce Partnership to Safety Test AI Models",Will Henshall,"U.K. technology secretary Michelle Donelan told TIME the collaboration marks a ""new chapter,"" as AI systems continue to rapidly evolve.",https://time.com/6962503/ai-artificial-intelligence-uk-us-safety/,2024-04-01T23:01:19Z,1,,
12,Rep. Cammack concerned about AI's impact on 2024 election: 'Critical issue',Ashley DiMella,Kat Cammack says AI could disrupt the 2024 election. A report says shared AI image tools generate election disinformation in 41% of cases and voting disinformation in 59% of cases.,https://www.foxnews.com/tech/rep-cammack-concerned-ai-impact-2024-election-critical-issue,2024-03-24T06:00:47Z,0,,
13,Retired Admiral William McRaven on Why U.S. Leadership Matters,Vera Bergengruen,"In an interview, the retired admiral who took down Osama bin Laden discusses the AI race and what he’s going to do with $50 million.",https://time.com/6961958/william-mcraven-us-leadership-interview/,2024-04-01T18:54:06Z,1,,
14,The UAE Is on a Mission to Become an AI Power,Billy Perrigo/Dubai,The tiny Gulf nation—using oil wealth and its citizens’ data—is betting on AI to project influence beyond its borders.,https://time.com/6958369/artificial-intelligence-united-arab-emirates/,2024-03-20T10:23:46Z,1,,
15,Meet your new virtual assistant: The AI in your car,Morgan Korn,"Mercedes-Benz says its new virtual assistant transforms the ""car-driver relationship.""",https://abcnews.go.com/Business/meet-new-virtual-assistant-ai-car/story?id=108270818,2024-03-21T11:56:20Z,1,,
16,Distillery in Scotland using AI to create limited edition whisky,Gabriele Regalbuto,"Port Ellen, newly reopened whisky distillery in Scotland, is using SmokeDNAi technology to understand mouth-feel and flavors during the whisky maturation process.",https://www.foxnews.com/tech/distillery-scotland-using-ai-create-limited-edition-whisky,2024-03-25T19:45:20Z,1,,
17,"Google Considers Charging for AI-Powered Search Results, New Report Says",Mallory Moench,"Google is considering charging for new premium artificial intelligence-powered search features, according to a new report. Here's what you need to know.",https://time.com/6963316/google-charges-users-ai-powered-search-results-report/,2024-04-04T12:28:26Z,1,,
18,"High school students in Colorado explore limits of artificial intelligence, design their own AI models",Kennedy Hayes,"High school students in Colorado are learning how to design their own AI model projects, including cameras for self-driving cars and apps that can teach other languages.",https://www.foxnews.com/tech/high-school-students-colorado-explore-limits-artificial-intelligence-design-their-own-ai-models,2024-03-14T02:24:24Z,1,,
19,Is your next assistant a hologram?,"Kurt Knutsson, CyberGuy Report",Deutsche Telekom's Emma is an artificial intelligence-based holographic avatar that acts as a personal assistant and brings a personal touch to AI.,https://www.foxnews.com/tech/is-your-next-assistant-hologram,2024-03-20T10:00:53Z,1,,
20,New AI test measures how fast robots can respond to user commands,Associated Press,A benchmarking group for artificial intelligence has released new results evaluating the speed of hardware in running AI applications and responding to users.,https://www.foxnews.com/tech/new-ai-test-measures-fast-robots-respond-user-commands,2024-03-28T13:00:41Z,1,,
21,"Microsoft, Google join study to see if AI will affect jobs",Gerrit De Vynck,"Microsoft, Google, IBM, Cisco and others will produce a report on how AI might change tech jobs.",https://www.washingtonpost.com/technology/2024/04/04/jobs-ai-replace-study-microsoft-google-cisco/,2024-04-05T12:59:14Z,0,,
22,"China Is Using AI to Sow Disinformation and Stoke Discord Across Asia and the U.S., Microsoft Reports",Koh Ewe,A new report by Microsoft Threat Intelligence outlines how China’s influence operations have ramped up their use of artificial intelligence.,https://time.com/6963787/china-influence-operations-artificial-intelligence-cyber-threats-microsoft/,2024-04-05T12:08:38Z,0,,
23,"Inflation alarm, 'extraordinary' AI: 4 takeaways from Jamie Dimon's annual letter",Max Zahn,The CEO of the nation's largest bank said economic risks remain significant.,https://abcnews.go.com/Business/inflation-alarm-extraordinary-ai-4-takeaways-jamie-dimons/story?id=108996449,2024-04-08T17:12:08Z,1,,
24,"Introducing Google Axion Processors, our new Arm-based CPUs",Amin Vahdat,"The custom Axion Arm-based processor is designed for general-purpose workloads like web and app servers, databases, analytics, CPU-based AI, and more.",https://cloud.google.com/blog/products/compute/introducing-googles-new-arm-based-cpu,2024-04-09T12:12:51Z,1,,
25,Global demand for AI experts surges as EU struggles to recruit,Reuters,Some government agencies around the world are struggling to meet their staffing goals when it comes to hiring artificial intelligence experts.,https://www.foxnews.com/tech/global-demand-ai-experts-surges-eu-struggles-recruit,2024-03-22T16:54:38Z,0,,
26,"Books focused on AI, the internet are finalists for first-ever Women's Nonfiction Prize",Associated Press,"Finalists for the inaugural Women’s Prize for Nonfiction, aimed at addressing the gender imbalance in nonfiction publishing, were unveiled on Wednesday.",https://www.foxnews.com/tech/books-focused-ai-internet-finalists-womens-nonfiction-prize,2024-03-28T15:28:36Z,0.5,,
27,Air Force secretary plans to ride in AI-operated F-16 fighter aircraft this spring,Greg Wehner,U.S. Air Force Secretary Frank Kendall met with the Senate Appropriations Committee on Tuesday and said he plans to ride in an autonomously-operated aircraft this Spring.,https://www.foxnews.com/tech/air-force-secretary-plans-ride-ai-operated-f16-aircraft-spring,2024-04-10T00:43:02Z,1,,
28,"AI robot that can trim, edge, blow your lawn for you","Kurt Knutsson, CyberGuy Report","Electric Sheep Robotics has introduced an all-electric autonomous robot named Verdie to perform edging, trimming and debris-blowing. Kurt “CyberGuy"" Knutsson has the details.",https://www.foxnews.com/tech/ai-robot-that-can-trim-edge-blow-your-lawn-for-you,2024-03-19T10:00:41Z,1,,
29,How scammers use AI tools to file perfect-looking tax returns in your name,"Kurt Knutsson, CyberGuy Report","Tax fraud is on the rise, and hackers are now using identity hijacking and artificial intelligence for tax returns in someone else's name to get a refund.",https://www.foxnews.com/tech/how-scammers-use-ai-tools-to-file-perfect-looking-tax-returns-in-your-name,2024-03-17T14:00:08Z,0,,
30,How scammers have sunk to a new low with an AI obituary scam targeting the grieving,"Kurt Knutsson, CyberGuy Report",Scammers have stooped to using artificial intelligence to scan obituary websites to create fake obituary websites to target the grieving.,https://www.foxnews.com/tech/how-scammers-have-sunk-to-new-low-with-ai-obituary-scam-targeting-grieving,2024-04-13T14:00:09Z,0,,
31,An AI robot is destroying sick tulips in Dutch bulb fields,MIKE CORDER,"An artificial intelligence robot is a new high-tech weapon in the battle to root out disease from Dutch tulip fields as they erupt into a riot of springtime color. The robot trundled on Tuesday along rows of yellow and red blooms. It checks each plant and, wh…",https://apnews.com/article/tulips-netherlands-robot-technology-46ec590b882188ee6d7428df8f04bb9e,2024-03-26T00:57:44Z,0,,
32,I Used ChatGPT as My Personal Trainer. It Didn’t Go Well,Jennifer Heimlich,The chatbot did not give me the workout regimen I was hoping for.,https://time.com/6958557/chatgpt-workout-plan/,2024-03-20T14:20:12Z,0,,
33,How Governments Can Win Back Trust,Ros Taylor,Insecurity and fear breed distrust. This is having awful consequences. But it is not too late to turn things around.,https://time.com/6959214/rebuilding-public-trust/,2024-03-22T10:00:00Z,0,,
34,How 1X’s humanoid robot is putting a stop to you having to fold laundry,"Kurt Knutsson, CyberGuy Report","Eve is a new artificial intelligence-powered humanoid robot from 1X that can help with household chores, including folding the laundry.",https://www.foxnews.com/tech/how-1xs-humanoid-robot-is-putting-stop-to-you-having-to-fold-laundry,2024-04-07T10:00:56Z,1,,
35,Is the FTC calling you? Probably not. Here's how to avoid a phone scam targeting you,"Kurt Knutsson, CyberGuy Report","The Federal Trade Commission, the federal agency to report scams to, is being impersonated as part of a new sophisticated phone scam.",https://www.foxnews.com/tech/is-ftc-calling-you-probably-not-heres-how-to-avoid-phone-scam-targeting-you,2024-04-10T14:00:47Z,0,,
36,This robot invention can do backflips better than a gymnast,"Kurt Knutsson, CyberGuy Report","The Unitree H1 is an electric humanoid robot capable of backflips, showcasing agility and advanced design without relying on hydraulics. Kurt “CyberGuy"" Knutsson has the details.",https://www.foxnews.com/tech/this-robot-invention-can-do-backflips-better-than-a-gymnast,2024-04-02T10:00:18Z,1,,
37,"Forget hands, Toyota’s hug-ready robot picks up with its entire body","Kurt Knutsson, CyberGuy Report","Toyota's Punyo soft robot mimics human behavior, using its chest, hips and arms — in addition to its hands — like a human to handle objects,",https://www.foxnews.com/tech/forget-hands-toyotas-hug-ready-robot-picks-up-with-entire-body,2024-03-17T10:00:28Z,1,,
38,This humanoid robot is now capable of full conversations,"Kurt Knutsson, CyberGuy Report","With the integration of OpenAI technology, Figure 01 has taken a significant leap forward, showcasing the potential of robots to understand and interact with us on a personal level.",https://www.foxnews.com/tech/this-humanoid-robot-now-capable-full-conversations,2024-03-26T10:00:48Z,1,,
39,Robert F. Kennedy Jr. Picks Wealthy Silicon Valley Attorney Nicole Shanahan as His Running Mate,Nik Popli,"Robert F. Kennedy Jr. announced Nicole Shanahan, an attorney and entrepreneur, will be his running mate in his independent campaign.",https://time.com/6960806/nicole-shanahan-robert-f-kennedy-jr-vice-president/,2024-03-26T19:32:58Z,0,,
40,The taxing truth: A state-by-state analysis of tax-time trickery,"Kurt Knutsson, CyberGuy Report","Tax-return scams are on the rise, and one tax expert from a cybersecurity firm says filing your taxes on time is one way to avoid tax scams.",https://www.foxnews.com/tech/taxing-truth-state-by-state-analysis-tax-time-trickery,2024-04-11T14:00:59Z,0,,
41,The UN approves its first resolution on artificial intelligence,Al Jazeera,The UN General Assembly has called for a set of international guidelines to address the risks and benefits of AI.,https://www.aljazeera.com/news/2024/3/21/the-un-approves-its-first-resolution-on-artificial-intelligence,2024-03-21T18:42:12Z,0.5,,
42,Vultr is now claiming full perpetual commercial rights over all hosted content,,"If you've got any servers running on Vultr, you may not want to accept the new terms of service. Vultr's new agreement requires its customers to...",https://www.reddit.com/r/selfhosted/comments/1bouuv7/warning_vultr_a_major_cloud_provider_is_now/,2024-03-27T11:57:06Z,0,,
43,China turns to AI in propaganda mocking the ‘American Dream’,Erin Hale,Chinese state media's A Fractured America series shows how AI is beginning to shape Beijing's influence campaigns.,https://www.aljazeera.com/economy/2024/3/29/china-turns-to-ai-in-propaganda-mocking-the-american-dream,2024-03-29T00:03:50Z,0,,
44,‘AI-assisted genocide’: Israel reportedly used database for Gaza kill lists,Al Jazeera,Two Israeli media outlets report Israeli military's use of AI-assisted system called Lavender to identify Gaza targets.,https://www.aljazeera.com/news/2024/4/4/ai-assisted-genocide-israel-reportedly-used-database-for-gaza-kill-lists,2024-04-04T11:29:35Z,0,,
45,Draft Paper Discovered in Which Joseph Weizenbaum Envisions ELIZA's Applications,,"20240318: Draft Paper Discovered in which JW Envisions ELIZA's Applications
With invaluable support of the MIT Archivists, especially Allison Schmitt, we have discovered a truly amazing draft (more precisely, outline) of a paper, hand-signed by Joseph Weizenb…",https://sites.google.com/view/elizagen-org/news#h.ykbzq5nuiccs,2024-03-19T04:27:27Z,1,,
46,Fears of AI disinformation cast shadow over Turkish local elections,Andrew Wilks,Turkish politicians have denounced the use of what they say are manipulated images and videos for electoral advantage.,https://www.aljazeera.com/news/2024/3/28/fears-ai-disinformation-cast-shadow-over-turkish-local-elections,2024-03-28T08:53:56Z,0,,
47,Tech giant Nvidia unveils higher performing ‘superchips’ to power AI,Al Jazeera,Nvidia CEO Jensen Huang tells developers conference that computing is advancing at an 'insane' rate.,https://www.aljazeera.com/economy/2024/3/19/tech-giant-nvidia-unveils-higher-performing-superchips-to-power-ai,2024-03-19T02:02:20Z,1,,
48,"Genocide in Gaza: Enabled by AI, powered by Big Tech",,Artificial intelligence has unleashed terror in the killing fields of Gaza.,https://www.aljazeera.com/program/the-listening-post/2024/4/13/genocide-in-gaza-enabled-by-ai-powered-by-big-tech,2024-04-13T09:45:11Z,0,,
49,Why Sam Bankman-Fried Received a 25-Year Prison Sentence,Andrew R. Chow,A federal judge ruled Bankman-Fried committed perjury under oath and attempted witness tampering. Here's what other factors went into his sentence.,https://time.com/6961068/sam-bankman-fried-prison-sentence/,2024-03-28T15:50:55Z,0.5,,
50,"Before India election, Instagram boosts Modi AI images that violate rules",Nilesh Christopher,The ads do not meet the levels of disclosure Meta says it needs for AI-generated posts linked to India election.,https://www.aljazeera.com/economy/2024/4/12/before-india-election-instagram-boosts-modi-ai-images-that-violate-rules,2024-04-12T05:01:58Z,0,,
51,Apollo the robot joins Mercedes-Benz assembly line production,"Kurt Knutsson, CyberGuy Report",A Mercedes-Benz Manufacturing factory in Hungary is using humanoid robots to help with human staffing shortages on the factory floor.,https://www.foxnews.com/tech/apollo-robot-joins-mercedes-benz-assembly-line-production,2024-04-13T10:00:02Z,1,,
52,Stairs are no obstacle for this robot vacuum and mop cleaner,"Kurt Knutsson, CyberGuy Report","Ascender the robot is capable of climbing stairs with heights up to 8.7 inches, and it can give every corner of your home a deep cleaning.",https://www.foxnews.com/tech/stairs-are-no-obstacle-for-robot-vacuum-mop-cleaner,2024-04-12T10:00:25Z,1,,
53,3 tech musts before your next trip,Kim Komando,Kim Komando introduces ways to keep you and your devices safe while traveling. The clever hacks mentioned can protect you from hackers and jackers.,https://www.foxnews.com/tech/tech-musts-before-your-next-trip,2024-03-15T01:06:44Z,0,,
54,How a flaw in iPhone’s security could leave you locked out,"Kurt Knutsson, CyberGuy Report","A ""Reset Password"" notification on your iPhone could be a scam. It could give scammers access to your iPhone account and compromise your private information.",https://www.foxnews.com/tech/how-flaw-in-iphones-security-could-leave-you-locked-out,2024-03-31T14:00:23Z,0,,
55,The Most Exciting New Advances in Managing COPD,Markham Heid,"From innovative new lung valves to refinements in the deployment of inhaled therapies and vaccines, the landscape of COPD care and treatment is changing.",https://time.com/6903546/copd-treatment-advances/,2024-03-18T14:55:58Z,1,,
56,Your kids may be treating video games like banks and playing with real money. The government has questions,Ethan Barton,"Some video games act like unregulated banks, according to CFPB, which has begun monitoring the situation. The agency says children may be most at risk.",https://www.foxnews.com/tech/kids-treating-video-games-banks-playing-real-money-government-questions,2024-04-12T10:30:50Z,0,,
57,How English’s Global Dominance Fails Us,Rosemary Salomone,It leaves the monolingual Anglosphere more culturally and politically isolated. Other languages are finally chipping away at its dominance.,https://time.com/6963810/english-global-lingua-franca/,2024-04-07T10:00:00Z,0,,
58,The Oil and Gas Industry Wants ‘Energy Transition’ to Mean More Fossil Fuels,Justin Worland/Houston,"""Energy transition” can mean different things to different people—and the oil and gas industry wants it to include fossil fuels",https://time.com/6959795/the-oil-and-gas-industry-wants-energy-transition-to-mean-more-fossil-fuels/,2024-03-22T17:40:26Z,0,,
59,Why you need an Identity Protection PIN this tax season,"Kurt Knutsson, CyberGuy Report","Kurt “CyberGuy"" Knutsson says an Identity Protection PIN is how the IRS is trying to decrease the number of scammers in the millions that have committed tax fraud.",https://www.foxnews.com/tech/why-you-need-an-identity-protection-pin-this-tax-season,2024-03-19T14:00:34Z,0.5,,
60,Could OpenAI’s Sora text-to-video generator kill off jobs in Hollywood?,Dwayne Oxford,Some say it's 'game over' for creative professionals in the film industry.,https://www.aljazeera.com/news/2024/3/29/what-is-openais-sora-text-to-video-generator,2024-03-29T14:21:53Z,0,,
61,RFK Jr.’s Campaign Prepares For a Pivotal Moment,Vera Bergengruen,The independent candidate prepares to announce his running mate on March 26,https://time.com/6959052/rfk-jr-campaign-vice-president-announcement/,2024-03-25T11:00:00Z,0.5,,
62,Supreme Court Seems Favorable to Biden Administration Over Efforts to Combat Social Media Posts,Mark Sherman/AP,The dispute with Republican-led states is over how far the federal government can go to combat controversial social media posts.,https://time.com/6958173/social-media-supreme-court-biden-regulation/,2024-03-18T20:35:15Z,0.5,,
63,HBO’s The Synanon Fix Explores How a Rehab Program Became a Cult-Like Group,Olivia B. Waxman,"A new HBO documentary series looks at the rise and fall of Synanon, as told through former members.",https://time.com/6962417/synanon-fix-true-story-hbo/,2024-04-01T21:01:08Z,0,,
64,"OpenAI debuts voice cloning tool, but deems it too risky for public release",Al Jazeera,ChatGPT creator says Voice Engine can replicate a person’s voice based on a 15-second audio sample.,https://www.aljazeera.com/economy/2024/4/1/openai-unveils-voice-cloning-tool-but-deems-it-too-risky-for-public-release,2024-04-01T03:26:43Z,0,,
65,Google Maps rolls out ‘Glanceable’ directions for way easier navigation,"Kurt Knutsson, CyberGuy Report",Google Maps' recent upgrades have introduced real-time ETA and turn-by-turn directions to your phone's lock screen while you are traveling.,https://www.foxnews.com/tech/google-maps-rolls-out-glanceable-directions-easier-navigation,2024-03-22T10:00:31Z,1,,
66,Could this robot unicorn be your next smart family member?,"Kurt Knutsson, CyberGuy Report","The innovative XPENG Robot Unicorn is inspired by the mythical unicorn, and you may forget the robot is not actually a living creature.",https://www.foxnews.com/tech/could-robot-unicorn-be-your-next-smart-family-member,2024-04-11T10:00:29Z,1,,
67,YouTube says it will require creators to label 'realistic' AI content,Kat Tenbarge,YouTube is the latest platform to introduce rules around AI labeling as more deceptive AI content has been introduced online.,https://www.nbcnews.com/tech/tech-news/youtube-says-will-require-creators-label-ai-content-rcna143937,2024-03-18T20:55:31Z,0,,
68,EU probes Chinese site AliExpress over potentially illegal online products,Al Jazeera,The EU also sent requests for info to tech giants on their use of generative artificial intelligence.,https://www.aljazeera.com/news/2024/3/14/eu-probes-chinese-site-aliexpress-over-potentially-illegal-online-products,2024-03-14T14:04:40Z,0,,
69,Ways the government is watching you and what you can do to protect your privacy,"Kurt Knutsson, CyberGuy Report","Tech guru Kurt ""CyberGuy"" Knutsson breaks down whether the government is watching citizens and what they can do to protect online privacy.",https://www.foxnews.com/tech/ways-government-is-watching-you-what-you-can-do-to-protect-your-privacy,2024-03-28T14:00:41Z,0,,
70,What to do when your own number appears to ring your home phone,"Kurt Knutsson, CyberGuy Report","What happens when your landline rings and the caller ID lists your number? Strange, right? This happened to one of our subscribers, who reached out to ask us about it.",https://www.foxnews.com/tech/what-do-when-your-own-number-appears-ring-your-home-phone,2024-04-06T14:00:51Z,0,,
71,Exclusive: YouTube Approved Ads Promoting Disinformation on India’s Election,Billy Perrigo,YouTube approved dozens of ads promoting voter suppression and incitement to violence ahead of the upcoming election in India.,https://time.com/6961504/youtube-ads-disinformation-india-election/,2024-04-02T10:30:00Z,0,,
72,Alex Garland’s Civil War Works Overtime to Make Its Over-Obvious Points,Stephanie Zacharek,"Alex Garland’s 'Civil War' should be the perfect movie for our times, but is too obvious to offer a clear vision. Read TIME's review.",https://time.com/6966037/civil-war-review/,2024-04-12T11:01:00Z,0.5,,
73,"Israel’s war on Gaza: List of key events, day 181",Al Jazeera,Global outrage and pressure on Israel following an attack that killed seven World Central Kitchen workers in Gaza.,https://www.aljazeera.com/news/2024/4/4/israels-war-on-gaza-list-of-key-events-day-181,2024-04-04T07:05:56Z,0,,
74,French regulator hits Google with $272m fine over media licensing deal,Al Jazeera,French Competition Authority says tech giant fails to respect commitments and negotiate in 'good faith' with publishers.,https://www.aljazeera.com/news/2024/3/20/french-regulator-hits-google-with-272m-fine-over-media-licensing-deal,2024-03-20T13:28:32Z,0,,
75,This tool makes AI models hallucinate cats to fight copyright infringement,Brian Cheung,University of Chicago researchers developed a tool called Nightshade intended to disrupt AI image generators in an effort to curb copyright infringement.,https://www.nbcnews.com/tech/ai-image-generators-nightshade-copyright-infringement-rcna144624,2024-04-04T10:00:00Z,0,,
76,"Meta study says it hosted a forum that shifted opinion on AI, and that it's planning more",Kat Tenbarge,"Meta says that participants in an AI forum came away with a more positive opinion of AI's potential impact, and that it intends to hold more such forums.",https://www.nbcnews.com/tech/tech-news/meta-study-says-hosted-forum-shifted-opinion-ai-rcna146246,2024-04-03T21:37:56Z,1,,
77,Apple reportedly exploring Google AI deal,CBS News,"A potential deal between tech giants Apple and Google could lead to a partnership in artificial intelligence, Bloomberg reports. Dan Ives, a managing director and senior analyst at Wedbush Securities, joins CBS News with more.",https://www.cbsnews.com/video/apple-exploring-google-ai-deal-bloomberg-reports/,2024-03-19T20:44:02Z,1,,
78,Can AI help fill the therapist shortage?,"Jon LaPook, Aliza Chasan",Providers of mental health services are turning to AI-powered chatbots to help fill the gaps amid a shortage of therapists.,https://www.cbsnews.com/news/ai-chatbots-mental-health-therapy-pitfalls-60-minutes/,2024-04-07T23:00:23Z,1,,
79,How AI is making doctors' and patients' lives easier,CBS News,"AI is now being used in hospitals and doctors' offices to ease the administrative burdens facing physicians and their staff. Dr. Ashley Beecy, a cardiologist and Medical Director of AI Operations at NewYork-Presbyterian Hospital, explains how the technology c…",https://www.cbsnews.com/video/how-ai-is-making-doctors-and-patients-lives-easier/,2024-03-14T13:44:38Z,1,,
80,How AI powered robots are helping small farms fight labor shortages,CBS News,"From labor shortages to environmental impacts, farmers are looking to AI to help revolutionize the agriculture industry. One California startup, Farm-ng, is tapping into the power of AI and robotics to perform a wide range of tasks, including seeding, weeding…",https://www.cbsnews.com/video/how-ai-powered-robots-are-helping-small-farms-fight-labor-shortages/,2024-03-28T16:15:00Z,1,,
81,Apple may hire Google to build Gemini AI engine into next-gen iPhone,Khristopher J. Brooks,Apple possibly partnering with Google on AI feature as iPhone maker works on developing new operating system.,https://www.cbsnews.com/news/apple-google-ai-gemini-iphone-openai/,2024-03-18T13:48:54Z,1,,
82,Amazon spends $2.75 billion on AI startup Anthropic in its largest venture investment yet,"Kate Rooney, CNBC and Hayden Field, CNBC",Amazon is making its largest outside investment in its three-decade history as it looks to gain an edge in the artificial intelligence race.,https://www.nbcnews.com/business/business-news/amazon-spends-2point7-billion-ai-startup-anthropic-rcna145327,2024-03-27T17:53:19Z,1,,
83,AI will ‘destroy employment in some areas’ but could bring long-term benefits: Goldman Sachs economist,Miranda Nazzaro,"Goldman Sachs chief economist Jan Hatzius offered a stark prediction for the impact that artificial intelligence (AI) could have on some job sectors, noting he is “confident” the technology will benefit economic growth over time. When asked last week by CNN’s…",https://thehill.com/policy/technology/4540461-ai-will-destroy-employment-in-some-areas-but-could-bring-long-term-benefits-goldman-sachs-economist/,2024-03-19T00:06:49Z,1,,
84,Tennessee becomes first state to protect musicians against AI,,The goal of the law signed by Tennessee Gov. Bill Lee is to ensure that AI tools cannot replicate an artist's voice without their consent.,https://www.cbsnews.com/news/tennessee-becomes-first-state-to-protect-musicians-and-other-artists-against-ai/,2024-03-21T23:14:02Z,0,,
85,How an AI-powered robot provides companionship to lonely seniors,CBS News,"After losing her husband in 2022, Dottie Elicati found solace in ElliQ, an AI-powered companion from Intuition Robotics. ElliQ provides Elicati and seniors around the country with companionship and prompts reflective conversations, offering much-needed suppor…",https://www.cbsnews.com/video/how-an-ai-powered-robot-provides-companionship-to-lonely-seniors/,2024-03-21T13:08:02Z,1,,
86,White House orders federal agencies to name chief AI officers,Kathryn Watson,The Biden administration is ordering agencies to put safeguards in place to protect Americans' security and privacy.,https://www.cbsnews.com/news/white-house-chief-ai-officers-federal-agencies-artificial-intelligence/,2024-03-28T14:48:00Z,0,,
87,Companies harness AI power for mental health support | 60 Minutes,CBS News,"Artificial intelligence is being used as a way to help those dealing with depression, anxiety and eating disorders, but some therapists worry some chatbots could offer harmful advice.",https://www.cbsnews.com/video/artificial-intelligence-role-mental-health-treatments-60-minutes-video-2024-04-07/,2024-04-07T22:51:02Z,0.5,,
88,AI tool could match dogs with perfect owners,CBS News,"CBS News' Ian Lee meets researchers in London who are developing an AI tool to sort dogs into 5 categories, in a bid to match pooches with their perfect owners.",https://www.cbsnews.com/video/ai-tool-could-match-dogs-with-perfect-owners/,2024-03-28T17:59:41Z,1,,
89,"Biden speaks with China's Xi Jinping about AI, military cooperation",CBS News,President Biden spoke with Chinese President Xi Jinping Tuesday for the first time since their in-person meeting in November and discussed a number of issues. CBS News senior White House correspondent Weijia Jiang has more.,https://www.cbsnews.com/video/biden-speaks-with-china-xi-jinping-about-ai-military-cooperation/,2024-04-02T20:59:43Z,0,,
90,Tennessee Is First State To Legislate AI Protections For Musicians,ABC News,"Tennessee Gov. Bill Lee has signed off on legislation designed to protect songwriters, performers and other music industry professionals against the potential dangers of artificial intelligence. – ABC News",https://abcnews.go.com/US/wireStory/tennessee-state-protect-musicians-artists-ai-108361137,2024-03-25T20:01:00Z,0,,
91,SEC fines two investment firms for ‘AI washing’,Taylor Giorno,"Two investment firms agreed to pay a combined $400,000 in penalties to settle charges that the company made false and misleading statements about their use...",https://thehill.com/business/4539932-sec-fines-two-investment-firms-for-ai-washing/,2024-03-18T20:17:25Z,0,,
92,Worried About Sentient AI? Consider the Octopus,Eugene Linden,"On the present path AI has taken, a robotic octopus will remain a dream.",https://time.com/6959130/sentient-ai-octopus/,2024-03-23T11:00:00Z,1,,
93,AI’s quiet creep into music punctuated by ‘SpongeBob’ voices and a secretive artist called Glorb,Kalhan Rosenblatt,"At first, the YouTube videos look like scenes from Nickelodeon’s popular “SpongeBob SquarePants” cartoon.",https://www.nbcnews.com/tech/tech-news/spongebob-ai-generated-music-glorb-rcna145685,2024-04-02T22:13:50Z,0,,
94,Scientists working on AI tech to match dogs to jobs and owners,"Ian Lee, Tina Kraus","Researchers in London are developing an AI tool to sort dogs into 5 categories, in a bid to match pooches with their perfect owners.",https://www.cbsnews.com/news/ai-technology-matches-dogs-perfect-owners-london-research/,2024-03-28T19:10:00Z,1,,
95,"AI expert: Kate photo scandal shows ""sense of shared reality"" eroding",Haley Ott,An expert on deepfakes says the scandal over Princess Kate's edited family photo shows how the rise of AI is eroding our trust in online media.,https://www.cbsnews.com/news/princess-kate-middleton-photo-scandal-ai-sense-of-shared-reality-being-eroded/,2024-03-14T17:24:49Z,0,,
96,American farms may put AI-powered drones and robots to work,"Dave Malkoff, Amy Corral, Ryan Beard, Scott Pham, John Kelly","Nearly 2 million farmworkers help put food on American tables today, but modern machines powered by AI could eventually replace many of them.",https://www.cbsnews.com/news/farming-goes-high-tech/,2024-03-19T13:01:11Z,0,,
97,Save $300 on Samsung's cute new Bespoke robot vacuum-mop combo,Jason R. Rich,It vacuums. It mops. And it's on sale for $300 when you preorder Samsung's new Bespoke AI robot vacuum and mop.,https://www.cbsnews.com/essentials/samsung-bespoke-ai-robot-vacuum-mop/,2024-04-08T20:07:00Z,1,,
98,We’re Focusing on the Wrong Kind of AI Apocalypse,Ethan Mollick,"""We need to worry about the many small catastrophes that AI can bring,"" writes Ethan Mollick.",https://time.com/6961559/ethan-mollick-ai-apocalypse-essay/,2024-04-01T11:00:00Z,0,,
99,Washington state judge blocks use of AI-enhanced video as evidence in possible first-of-its-kind ruling,Tim Stelloh,A Washington State judge overseeing a triple murder case barred the use of video enhanced by artificial intelligence as evidence in a ruling that experts said may be the first-of-its-kind in a United States criminal court.,https://www.nbcnews.com/news/us-news/washington-state-judge-blocks-use-ai-enhanced-video-evidence-rcna141932,2024-04-02T17:32:58Z,0,,